order_id,customer_id,product_id,quantity,order_date,ship_date,delivery_date,total_price,price
1,69.0,50,2,2025-05-21,2025-05-23,,978.42,489.21
2,17.0,43,4,2025-05-25,2025-05-29,2025-06-05,1621.28,405.32
3,71.0,11,3,2025-08-22,2025-08-24,2025-09-01,399.57,133.19
4,68.0,39,4,2025-03-13,2025-03-15,2025-03-18,997.68,249.42
5,28.0,35,2,2025-03-10,2025-03-10,,954.42,477.21
6,92.0,20,4,2024-10-10,2024-10-15,2024-10-20,615.28,153.82
7,86.0,42,3,2024-09-25,2024-09-28,2024-10-07,1478.43,492.81
8,57.0,34,4,2025-02-16,2025-02-17,2025-02-27,356.64,89.16
9,16.0,16,2,2025-01-06,2025-01-06,,887.1,443.55
10,9.0,22,1,2024-12-11,2024-12-12,2024-12-15,11.59,11.59
11,76.0,36,2,2024-10-14,2024-10-16,,923.98,461.99
12,76.0,15,1,2025-08-29,2025-08-31,2025-09-07,66.13,66.13
13,10.0,46,1,2025-07-13,2025-07-14,2025-07-18,288.0,288.0
14,30.0,5,1,2025-04-09,2025-04-15,2025-04-25,88.39,88.39
15,43.0,5,5,2025-08-24,2025-08-26,2025-08-30,441.95,88.39
16,31.0,18,4,2025-09-11,2025-09-12,2025-09-20,1546.44,386.61
17,28.0,35,2,2025-05-15,2025-05-15,2025-05-19,954.42,477.21
18,93.0,37,5,2024-12-18,2024-12-19,2024-12-25,2300.3,460.06
19,61.0,16,4,2024-09-25,2024-09-26,2024-09-28,1774.2,443.55
20,53.0,13,1,2025-06-14,2025-06-18,,471.79,471.79
21,13.0,43,4,2025-03-02,2025-03-07,2025-03-15,1621.28,405.32
22,46.0,28,4,2025-05-07,2025-05-10,2025-05-18,248.56,62.14
23,60.0,47,1,2025-08-12,2025-08-17,2025-08-22,48.59,48.59
24,87.0,42,1,2024-11-16,2024-11-19,,492.81,492.81
25,8.0,26,3,2025-04-13,2025-04-16,2025-04-17,1150.08,383.36
26,14.0,16,2,2025-05-01,2025-05-01,2025-05-02,887.1,443.55
27,25.0,35,4,2025-03-09,2025-03-10,2025-03-13,1908.84,477.21
28,18.0,28,2,2024-10-14,2024-10-18,2024-10-19,124.28,62.14
29,36.0,30,2,2025-01-16,2025-01-19,2025-01-29,844.84,422.42
30,10.0,29,5,2025-01-10,2025-01-11,2025-01-19,1582.0,316.4
31,13.0,4,5,2025-05-14,2025-05-16,2025-05-23,424.45,84.89
32,2.0,6,2,2025-07-21,2025-07-23,2025-07-26,686.88,343.44
33,22.0,27,4,2025-01-09,2025-01-12,2025-01-15,1035.04,258.76
34,62.0,14,4,2025-05-22,2025-05-24,2025-05-27,0.0,0.0
35,8.0,11,4,2024-12-25,2024-12-29,2025-01-05,532.76,133.19
36,1.0,25,3,2025-08-22,2025-08-22,2025-09-01,1458.69,486.23
37,59.0,19,4,2025-07-05,2025-07-05,2025-07-12,706.76,176.69
38,90.0,47,5,2025-03-31,2025-04-02,2025-04-06,242.95,48.59
39,85.0,46,4,2025-02-24,2025-03-02,2025-03-06,1152.0,288.0
40,20.0,13,3,2025-01-04,2025-01-10,2025-01-13,1415.37,471.79
41,28.0,4,5,2025-01-07,2025-01-08,2025-01-17,424.45,84.89
42,95.0,35,1,2025-09-01,2025-09-02,2025-09-06,477.21,477.21
43,96.0,21,1,2025-02-05,2025-02-10,2025-02-20,87.5,87.5
44,7.0,38,4,2025-03-18,2025-03-19,2025-03-20,1213.92,303.48
45,65.0,34,2,2025-09-07,2025-09-08,2025-09-17,178.32,89.16
46,8.0,33,1,2025-05-09,2025-05-14,2025-05-21,193.22,193.22
47,24.0,5,5,2025-03-28,2025-03-29,2025-04-03,441.95,88.39
48,9.0,44,2,2025-02-09,2025-02-13,2025-02-21,254.66,127.33
49,52.0,8,5,2024-11-18,2024-11-24,2024-12-02,992.7,198.54
50,32.0,38,5,2025-01-21,2025-01-25,2025-01-26,1517.4,303.48
51,6.0,40,1,2025-06-14,2025-06-15,2025-06-22,-7.99,-7.99
52,54.0,43,5,2025-04-27,2025-04-29,2025-04-30,2026.6,405.32
53,73.0,34,3,2025-06-16,2025-06-23,2025-06-25,267.48,89.16
54,34.0,14,3,2024-11-24,2024-11-27,2024-12-02,0.0,0.0
55,31.0,17,4,2025-03-31,2025-04-02,2025-04-04,1511.72,377.93
56,17.0,43,3,2025-08-16,2025-08-19,2025-08-25,1215.96,405.32
57,59.0,21,1,2025-02-18,2025-02-19,2025-02-27,87.5,87.5
58,2.0,30,5,2025-05-24,2025-05-25,2025-06-02,2112.1,422.42
59,73.0,7,1,2024-10-25,2024-10-27,,302.24,302.24
60,69.0,14,5,2025-09-02,2025-09-04,2025-09-05,0.0,0.0
61,34.0,9,3,2025-04-21,2025-04-22,2025-04-25,905.97,301.99
62,9.0,16,3,2024-12-07,2024-12-10,2024-12-13,1330.65,443.55
63,37.0,11,4,2024-11-07,2024-11-11,2024-11-15,532.76,133.19
64,70.0,46,3,2025-03-31,2025-04-03,2025-04-04,864.0,288.0
65,79.0,42,5,2025-04-01,2025-04-03,2025-04-11,2464.05,492.81
66,2.0,43,5,2024-10-15,2024-10-16,2024-10-25,2026.6,405.32
67,39.0,43,1,2025-09-09,2025-09-10,2025-09-20,405.32,405.32
68,18.0,17,1,2025-08-11,2025-08-12,2025-08-22,377.93,377.93
69,14.0,48,5,2025-02-26,2025-03-05,2025-03-06,1843.15,368.63
70,20.0,18,3,2024-10-23,2024-10-24,2024-10-29,1159.83,386.61
71,78.0,14,3,2025-07-12,2025-07-18,2025-07-27,0.0,0.0
72,27.0,44,3,2025-03-12,2025-03-13,2025-03-16,381.99,127.33
73,65.0,32,3,2025-05-31,2025-06-05,2025-06-06,322.41,107.47
74,7.0,6,4,2025-03-16,2025-03-19,2025-03-27,1373.76,343.44
75,36.0,3,1,2024-12-20,2024-12-24,2024-12-27,431.94,431.94
76,43.0,50,2,2025-07-13,2025-07-15,,978.42,489.21
77,82.0,17,2,2025-09-04,2025-09-11,2025-09-13,755.86,377.93
78,95.0,29,5,2024-12-09,2024-12-11,2024-12-20,1582.0,316.4
79,91.0,28,5,2025-03-31,2025-04-01,2025-04-06,310.7,62.14
80,2.0,8,1,2025-01-29,2025-01-30,2025-02-07,198.54,198.54
81,89.0,10,5,2025-08-14,2025-08-19,2025-08-20,1196.7,239.34
82,5.0,24,5,2025-03-16,2025-03-19,2025-03-25,1813.2,362.64
83,71.0,10,4,2025-07-29,2025-07-30,2025-08-05,957.36,239.34
84,17.0,3,3,2025-07-24,2025-07-31,2025-08-08,1295.82,431.94
85,47.0,3,3,2024-12-21,2024-12-24,2024-12-25,1295.82,431.94
86,27.0,44,2,2025-06-27,2025-06-30,2025-07-05,254.66,127.33
87,86.0,7,3,2025-02-09,2025-02-10,2025-02-14,906.72,302.24
88,100.0,36,4,2025-08-18,2025-08-18,2025-08-19,1847.96,461.99
89,80.0,48,2,2025-03-15,2025-03-22,2025-03-27,737.26,368.63
90,31.0,11,2,2025-07-08,2025-07-13,2025-07-18,266.38,133.19
91,53.0,2,2,2024-12-23,2024-12-29,2025-01-03,760.66,380.33
92,95.0,22,4,2024-12-29,2025-01-01,,46.36,11.59
93,86.0,48,2,2025-04-13,2025-04-13,2025-04-20,737.26,368.63
94,35.0,11,1,2025-09-11,2025-09-12,2025-09-14,133.19,133.19
95,49.0,3,4,2025-03-09,2025-03-12,,1727.76,431.94
96,29.0,13,4,2024-11-04,2024-11-08,2024-11-16,1887.16,471.79
97,45.0,20,2,2025-03-27,2025-03-28,2025-04-04,307.64,153.82
98,29.0,2,2,2025-01-15,2025-01-16,2025-01-18,760.66,380.33
99,52.0,22,3,2025-04-01,2025-04-03,2025-04-12,34.77,11.59
100,9.0,50,3,2025-03-28,2025-04-01,2025-04-11,1467.63,489.21
101,45.0,42,5,2025-02-24,2025-03-01,2025-03-10,2464.05,492.81
102,52.0,44,5,2025-01-06,2025-01-09,2025-01-16,636.65,127.33
103,43.0,2,1,2024-11-19,2024-11-22,2024-11-23,380.33,380.33
104,34.0,12,5,2025-05-24,2025-05-24,2025-05-27,1405.4,281.08
105,34.0,3,1,2025-04-08,2025-04-10,2025-04-12,431.94,431.94
106,77.0,28,3,2024-12-05,2024-12-07,2024-12-10,186.42,62.14
107,94.0,21,4,2025-06-21,2025-06-23,2025-06-29,350.0,87.5
108,78.0,33,1,2024-09-26,2024-09-29,2024-10-03,193.22,193.22
109,50.0,37,2,2025-06-10,2025-06-10,2025-06-15,920.12,460.06
110,33.0,3,4,2025-05-27,2025-05-30,2025-06-04,1727.76,431.94
111,1.0,34,5,2025-07-04,2025-07-06,2025-07-10,445.8,89.16
112,88.0,47,2,2025-01-30,2025-02-01,2025-02-09,97.18,48.59
113,47.0,28,1,2025-05-11,2025-05-15,,62.14,62.14
114,86.0,22,5,2025-07-08,2025-07-11,2025-07-12,57.95,11.59
115,41.0,43,1,2025-09-04,2025-09-06,2025-09-16,405.32,405.32
116,93.0,20,5,2025-03-11,2025-03-11,2025-03-16,769.1,153.82
117,40.0,43,4,2024-09-24,2024-09-24,2024-09-29,1621.28,405.32
118,42.0,26,3,2025-03-13,2025-03-13,2025-03-15,1150.08,383.36
119,71.0,9,2,2025-04-15,2025-04-16,2025-04-25,603.98,301.99
120,54.0,43,4,2025-07-26,2025-07-29,2025-08-05,1621.28,405.32
121,87.0,48,2,2025-07-27,2025-07-30,2025-08-06,737.26,368.63
122,79.0,37,3,2025-02-19,2025-02-19,2025-02-22,1380.18,460.06
123,52.0,36,1,2025-03-22,2025-03-26,2025-03-31,461.99,461.99
124,39.0,19,2,2025-02-25,2025-02-25,2025-03-01,353.38,176.69
125,56.0,38,5,2025-06-02,2025-06-03,2025-06-13,1517.4,303.48
126,84.0,21,4,2025-02-08,2025-02-10,2025-02-11,350.0,87.5
127,57.0,29,2,2025-05-08,2025-05-10,2025-05-20,632.8,316.4
128,66.0,31,2,2024-11-06,2024-11-09,2024-11-11,517.5,258.75
129,85.0,6,3,2025-03-01,2025-03-02,2025-03-05,1030.32,343.44
130,66.0,43,5,2025-08-31,2025-09-03,2025-09-08,2026.6,405.32
131,43.0,6,2,2025-01-12,2025-01-16,2025-01-23,686.88,343.44
132,87.0,20,2,2025-05-22,2025-05-28,2025-06-01,307.64,153.82
133,26.0,10,1,2025-05-06,2025-05-09,2025-05-10,239.34,239.34
134,6.0,16,4,2025-07-19,2025-07-21,2025-07-26,1774.2,443.55
135,79.0,50,1,2025-07-19,2025-07-22,2025-07-30,489.21,489.21
136,59.0,27,5,2025-07-22,2025-07-28,2025-07-30,1293.8,258.76
137,25.0,46,4,2025-01-28,2025-01-28,2025-02-04,1152.0,288.0
138,64.0,26,2,2025-01-04,2025-01-04,2025-01-14,766.72,383.36
139,19.0,42,1,2025-06-01,2025-06-05,2025-06-08,492.81,492.81
140,97.0,50,1,2025-06-15,2025-06-16,2025-06-21,489.21,489.21
141,100.0,28,2,2025-07-27,2025-07-29,,124.28,62.14
142,23.0,45,5,2024-09-24,2024-09-24,2024-10-03,640.15,128.03
143,60.0,4,5,2024-10-06,2024-10-09,2024-10-17,424.45,84.89
144,32.0,8,4,2025-04-30,2025-05-05,,794.16,198.54
145,18.0,30,5,2025-08-14,2025-08-16,2025-08-23,2112.1,422.42
146,72.0,39,3,2025-09-11,2025-09-14,2025-09-19,748.26,249.42
147,97.0,29,5,2025-06-11,2025-06-12,2025-06-19,1582.0,316.4
148,93.0,33,4,2025-02-16,2025-02-20,2025-02-21,772.88,193.22
149,71.0,29,2,2024-10-17,2024-10-20,2024-10-29,632.8,316.4
150,96.0,31,4,2025-04-30,2025-05-02,2025-05-03,1035.0,258.75
151,34.0,49,2,2025-07-27,2025-07-27,,819.7,409.85
152,82.0,18,5,2025-02-20,2025-02-25,2025-03-01,1933.05,386.61
153,63.0,41,2,2025-05-23,2025-05-26,2025-05-31,375.72,187.86
154,36.0,29,1,2025-08-07,2025-08-07,2025-08-11,316.4,316.4
155,92.0,19,2,2024-09-27,2024-09-30,2024-10-07,353.38,176.69
156,35.0,22,3,2025-06-29,2025-07-03,2025-07-08,34.77,11.59
157,70.0,6,2,2024-12-27,2024-12-29,2025-01-08,686.88,343.44
158,20.0,15,4,2025-01-26,2025-01-28,2025-01-30,264.52,66.13
159,89.0,10,2,2024-11-03,2024-11-10,2024-11-20,478.68,239.34
160,9.0,27,4,2025-03-24,2025-03-27,2025-04-03,1035.04,258.76
161,43.0,35,4,2025-04-06,2025-04-08,2025-04-17,1908.84,477.21
162,54.0,4,2,2025-06-28,2025-07-03,2025-07-08,169.78,84.89
163,54.0,25,5,2024-11-12,2024-11-15,2024-11-23,2431.15,486.23
164,90.0,2,5,2024-10-09,2024-10-11,2024-10-15,1901.65,380.33
165,49.0,31,1,2025-07-26,2025-07-27,2025-07-31,258.75,258.75
166,46.0,20,4,2025-04-25,2025-04-27,2025-04-30,615.28,153.82
167,54.0,35,5,2024-12-08,2024-12-12,2024-12-22,2386.05,477.21
168,78.0,15,4,2025-08-11,2025-08-17,2025-08-20,264.52,66.13
169,29.0,18,4,2024-11-02,2024-11-03,2024-11-13,1546.44,386.61
170,63.0,2,4,2025-02-26,2025-03-02,2025-03-11,1521.32,380.33
171,44.0,43,4,2024-12-12,2024-12-16,2024-12-25,1621.28,405.32
172,93.0,11,4,2024-12-13,2024-12-15,2024-12-23,532.76,133.19
173,17.0,40,5,2024-09-14,2024-09-17,2024-09-27,-39.95,-7.99
174,4.0,26,5,2025-07-02,2025-07-02,,1916.8,383.36
175,73.0,43,1,2025-08-06,2025-08-06,2025-08-12,405.32,405.32
176,11.0,42,4,2025-05-17,2025-05-23,2025-05-27,1971.24,492.81
177,18.0,30,2,2024-11-07,2024-11-10,,844.84,422.42
178,7.0,17,4,2025-02-19,2025-02-22,2025-02-23,1511.72,377.93
179,42.0,14,4,2025-01-15,2025-01-18,2025-01-25,0.0,0.0
180,42.0,22,4,2025-04-14,2025-04-14,2025-04-22,46.36,11.59
181,36.0,49,4,2025-05-02,2025-05-04,2025-05-09,1639.4,409.85
182,33.0,6,4,2025-02-13,2025-02-14,2025-02-24,1373.76,343.44
183,3.0,48,5,2024-12-11,2024-12-13,2024-12-18,1843.15,368.63
184,7.0,23,2,2025-07-17,2025-07-24,,727.66,363.83
185,84.0,5,1,2024-11-22,2024-11-26,2024-11-27,88.39,88.39
186,97.0,2,2,2025-01-29,2025-01-31,2025-02-03,760.66,380.33
187,26.0,2,5,2025-03-06,2025-03-11,,1901.65,380.33
188,20.0,16,2,2024-12-06,2024-12-10,2024-12-12,887.1,443.55
189,61.0,43,1,2025-04-08,2025-04-08,2025-04-13,405.32,405.32
190,73.0,14,4,2025-04-09,2025-04-09,2025-04-10,0.0,0.0
191,90.0,17,3,2025-09-09,2025-09-11,,1133.79,377.93
192,22.0,39,5,2024-12-28,2024-12-30,2025-01-08,1247.1,249.42
193,96.0,46,1,2025-09-03,2025-09-10,2025-09-11,288.0,288.0
194,100.0,11,3,2025-05-09,2025-05-11,2025-05-12,399.57,133.19
195,14.0,38,1,2024-12-20,2024-12-20,2024-12-21,303.48,303.48
196,40.0,37,4,2025-04-06,2025-04-09,2025-04-12,1840.24,460.06
197,51.0,46,2,2025-05-20,2025-05-23,2025-05-28,576.0,288.0
198,10.0,38,2,2025-06-10,2025-06-14,2025-06-19,606.96,303.48
199,14.0,45,3,2024-09-28,2024-09-30,2024-10-03,384.09,128.03
200,88.0,39,1,2025-04-20,2025-04-21,2025-04-22,249.42,249.42
201,73.0,3,3,2025-03-11,2025-03-14,2025-03-22,1295.82,431.94
202,69.0,28,3,2025-08-07,2025-08-07,2025-08-13,186.42,62.14
203,9.0,33,3,2024-12-24,2024-12-28,2024-12-29,579.66,193.22
204,2.0,27,4,2025-06-30,2025-07-03,2025-07-12,1035.04,258.76
205,14.0,28,3,2025-04-21,2025-04-24,2025-05-01,186.42,62.14
206,82.0,30,2,2025-01-17,2025-01-21,2025-01-23,844.84,422.42
207,56.0,12,5,2025-05-02,2025-05-07,2025-05-09,1405.4,281.08
208,84.0,18,5,2025-04-26,2025-04-28,2025-05-01,1933.05,386.61
209,69.0,50,4,2025-05-17,2025-05-23,2025-05-29,1956.84,489.21
210,60.0,28,5,2025-06-01,2025-06-03,2025-06-10,310.7,62.14
211,35.0,21,2,2025-05-10,2025-05-13,2025-05-17,175.0,87.5
212,12.0,18,4,2025-07-14,2025-07-16,2025-07-17,1546.44,386.61
213,32.0,49,4,2025-04-28,2025-04-29,2025-05-01,1639.4,409.85
214,73.0,40,4,2025-08-07,2025-08-10,2025-08-13,-31.96,-7.99
215,44.0,2,4,2025-05-05,2025-05-08,2025-05-14,1521.32,380.33
216,42.0,12,4,2025-01-02,2025-01-06,2025-01-10,1124.32,281.08
217,28.0,23,3,2025-02-19,2025-02-21,2025-02-24,1091.49,363.83
218,44.0,18,5,2025-04-11,2025-04-14,,1933.05,386.61
219,90.0,18,5,2025-06-06,2025-06-09,2025-06-14,1933.05,386.61
220,2.0,34,2,2024-10-13,2024-10-14,2024-10-20,178.32,89.16
221,11.0,16,4,2024-12-28,2024-12-28,2025-01-06,1774.2,443.55
222,63.0,36,2,2025-06-11,2025-06-13,2025-06-14,923.98,461.99
223,89.0,31,4,2024-11-14,2024-11-17,2024-11-26,1035.0,258.75
224,58.0,2,1,2024-10-29,2024-10-29,2024-11-04,380.33,380.33
225,38.0,15,4,2025-03-27,2025-03-27,2025-03-28,264.52,66.13
226,89.0,16,3,2025-09-01,2025-09-02,2025-09-03,1330.65,443.55
227,85.0,38,3,2025-03-24,2025-03-27,,910.44,303.48
228,61.0,36,5,2025-08-11,2025-08-14,2025-08-24,2309.95,461.99
229,45.0,28,5,2025-07-11,2025-07-15,2025-07-17,310.7,62.14
230,43.0,23,4,2024-12-14,2024-12-18,2024-12-26,1455.32,363.83
231,35.0,20,3,2025-07-09,2025-07-10,2025-07-17,461.46,153.82
232,30.0,8,2,2025-03-06,2025-03-09,2025-03-11,397.08,198.54
233,41.0,8,5,2025-07-03,2025-07-05,2025-07-14,992.7,198.54
234,98.0,45,2,2025-06-11,2025-06-15,2025-06-22,256.06,128.03
235,25.0,14,4,2025-01-12,2025-01-14,2025-01-24,0.0,0.0
236,36.0,47,5,2024-10-23,2024-10-26,2024-10-30,242.95,48.59
237,98.0,34,5,2025-08-29,2025-08-31,2025-09-09,445.8,89.16
238,37.0,7,2,2024-11-01,2024-11-03,2024-11-09,604.48,302.24
239,38.0,15,3,2025-08-30,2025-09-02,2025-09-03,198.39,66.13
240,23.0,20,1,2025-07-22,2025-07-25,2025-07-30,153.82,153.82
241,91.0,35,2,2025-06-03,2025-06-05,2025-06-07,954.42,477.21
242,36.0,3,1,2025-09-04,2025-09-05,2025-09-11,431.94,431.94
243,71.0,19,2,2025-08-31,2025-09-03,2025-09-09,353.38,176.69
244,82.0,49,4,2025-07-02,2025-07-03,2025-07-07,1639.4,409.85
245,14.0,1,5,2025-01-22,2025-01-27,2025-02-04,1259.1,251.82
246,37.0,31,4,2025-06-27,2025-07-02,2025-07-05,1035.0,258.75
247,57.0,22,2,2024-09-16,2024-09-16,2024-09-24,23.18,11.59
248,7.0,17,4,2025-03-26,2025-03-27,2025-03-31,1511.72,377.93
249,15.0,5,4,2025-02-24,2025-02-24,,353.56,88.39
250,63.0,5,5,2025-05-15,2025-05-17,2025-05-26,441.95,88.39
251,81.0,44,1,2025-05-15,2025-05-19,2025-05-29,127.33,127.33
252,20.0,10,5,2025-04-12,2025-04-13,2025-04-19,1196.7,239.34
253,39.0,6,2,2025-07-09,2025-07-16,2025-07-20,686.88,343.44
254,16.0,36,4,2025-08-21,2025-08-24,2025-08-25,1847.96,461.99
255,78.0,39,5,2024-10-20,2024-10-23,2024-10-28,1247.1,249.42
256,29.0,50,5,2024-12-05,2024-12-08,,2446.05,489.21
257,49.0,29,4,2024-09-20,2024-09-22,2024-09-28,1265.6,316.4
258,39.0,38,4,2025-07-31,2025-08-02,2025-08-09,1213.92,303.48
259,40.0,37,5,2025-04-04,2025-04-07,2025-04-15,2300.3,460.06
260,8.0,40,1,2025-08-11,2025-08-16,2025-08-21,-7.99,-7.99
261,98.0,14,2,2024-12-01,2024-12-01,2024-12-09,0.0,0.0
262,34.0,43,1,2024-10-04,2024-10-07,2024-10-08,405.32,405.32
263,21.0,16,2,2025-07-09,2025-07-14,2025-07-16,887.1,443.55
264,71.0,5,2,2025-08-09,2025-08-10,2025-08-19,176.78,88.39
265,1.0,27,4,2024-12-30,2024-12-31,2025-01-01,1035.04,258.76
266,89.0,39,4,2025-02-07,2025-02-11,2025-02-19,997.68,249.42
267,38.0,3,2,2024-11-01,2024-11-06,2024-11-09,863.88,431.94
268,37.0,46,3,2025-08-23,2025-08-24,2025-09-03,864.0,288.0
269,90.0,30,1,2024-12-31,2025-01-06,2025-01-16,422.42,422.42
270,88.0,15,3,2025-03-10,2025-03-12,2025-03-19,198.39,66.13
271,81.0,38,2,2024-10-16,2024-10-20,2024-10-26,606.96,303.48
272,55.0,8,5,2025-08-01,2025-08-04,2025-08-05,992.7,198.54
273,29.0,42,2,2024-10-30,2024-10-31,2024-11-07,985.62,492.81
274,35.0,10,1,2025-02-24,2025-02-27,2025-03-07,239.34,239.34
275,8.0,11,3,2025-05-14,2025-05-17,2025-05-23,399.57,133.19
276,77.0,48,5,2025-06-09,2025-06-11,2025-06-21,1843.15,368.63
277,37.0,29,1,2025-08-23,2025-08-24,2025-08-25,316.4,316.4
278,60.0,45,3,2025-02-11,2025-02-14,2025-02-18,384.09,128.03
279,90.0,26,3,2025-06-09,2025-06-16,2025-06-21,1150.08,383.36
280,65.0,35,4,2024-11-06,2024-11-10,2024-11-14,1908.84,477.21
281,57.0,6,5,2025-02-09,2025-02-12,2025-02-22,1717.2,343.44
282,6.0,28,3,2024-10-17,2024-10-19,2024-10-23,186.42,62.14
283,78.0,17,1,2025-03-09,2025-03-11,2025-03-19,377.93,377.93
284,12.0,15,5,2025-02-07,2025-02-08,2025-02-10,330.65,66.13
285,76.0,2,3,2025-08-25,2025-08-25,2025-08-29,1140.99,380.33
286,74.0,3,2,2024-09-22,2024-09-25,2024-09-30,863.88,431.94
287,61.0,34,4,2025-01-24,2025-01-29,,356.64,89.16
288,36.0,12,5,2025-02-20,2025-02-22,2025-03-01,1405.4,281.08
289,56.0,41,4,2025-08-24,2025-08-26,,751.44,187.86
290,12.0,31,3,2025-07-21,2025-07-22,2025-07-24,776.25,258.75
291,53.0,22,3,2024-10-17,2024-10-20,2024-10-24,34.77,11.59
292,86.0,7,2,2025-05-19,2025-05-25,2025-05-30,604.48,302.24
293,43.0,27,4,2025-03-29,2025-04-02,2025-04-12,1035.04,258.76
294,37.0,43,4,2025-09-03,2025-09-03,2025-09-11,1621.28,405.32
295,98.0,36,1,2025-01-20,2025-01-25,2025-01-26,461.99,461.99
296,59.0,6,3,2025-02-03,2025-02-04,,1030.32,343.44
297,33.0,21,1,2024-11-19,2024-11-24,2024-12-03,87.5,87.5
298,99.0,26,5,2024-10-25,2024-10-27,2024-10-30,1916.8,383.36
299,1.0,43,5,2025-07-18,2025-07-21,2025-07-30,2026.6,405.32
300,60.0,27,1,2025-02-24,2025-02-28,2025-03-09,258.76,258.76
301,25.0,34,3,2025-05-11,2025-05-11,2025-05-15,267.48,89.16
302,80.0,49,4,2025-05-03,2025-05-06,2025-05-08,1639.4,409.85
303,81.0,29,1,2025-04-17,2025-04-19,2025-04-20,316.4,316.4
304,27.0,18,5,2024-09-18,2024-09-21,2024-09-24,1933.05,386.61
305,17.0,19,4,2025-06-25,2025-06-26,2025-06-30,706.76,176.69
306,90.0,32,1,2024-12-09,2024-12-11,2024-12-12,107.47,107.47
307,4.0,41,5,2024-10-27,2024-10-31,2024-11-10,939.3,187.86
308,31.0,46,2,2025-04-05,2025-04-05,2025-04-12,576.0,288.0
309,40.0,36,1,2024-10-06,2024-10-13,2024-10-17,461.99,461.99
310,71.0,27,1,2025-06-18,2025-06-20,2025-06-28,258.76,258.76
311,29.0,8,4,2024-11-25,2024-11-28,2024-12-05,794.16,198.54
312,16.0,42,2,2024-11-29,2024-12-01,2024-12-02,985.62,492.81
313,64.0,46,3,2025-07-26,2025-07-26,2025-08-03,864.0,288.0
314,66.0,46,3,2025-01-09,2025-01-12,2025-01-15,864.0,288.0
315,54.0,31,4,2024-11-04,2024-11-06,2024-11-07,1035.0,258.75
316,32.0,30,5,2025-08-06,2025-08-08,2025-08-12,2112.1,422.42
317,19.0,25,2,2024-09-12,2024-09-13,2024-09-20,972.46,486.23
318,77.0,33,2,2025-07-22,2025-07-26,2025-07-29,386.44,193.22
319,9.0,18,4,2024-11-02,2024-11-05,2024-11-12,1546.44,386.61
320,44.0,33,3,2024-10-28,2024-11-04,2024-11-11,579.66,193.22
321,1.0,19,3,2024-12-11,2024-12-14,2024-12-21,530.07,176.69
322,76.0,38,4,2024-11-13,2024-11-14,2024-11-22,1213.92,303.48
323,20.0,29,5,2025-05-10,2025-05-11,2025-05-14,1582.0,316.4
324,62.0,23,3,2024-09-20,2024-09-25,2024-10-03,1091.49,363.83
325,71.0,49,5,2024-09-16,2024-09-16,2024-09-24,2049.25,409.85
326,49.0,30,3,2025-06-27,2025-07-02,,1267.26,422.42
327,25.0,45,2,2024-12-07,2024-12-13,2024-12-20,256.06,128.03
328,74.0,25,2,2025-01-07,2025-01-12,2025-01-19,972.46,486.23
329,100.0,27,1,2024-11-13,2024-11-17,2024-11-20,258.76,258.76
330,41.0,48,4,2024-09-30,2024-10-03,2024-10-05,1474.52,368.63
331,91.0,25,4,2025-06-09,2025-06-15,2025-06-25,1944.92,486.23
332,85.0,42,2,2025-03-22,2025-03-27,2025-04-03,985.62,492.81
333,64.0,3,2,2025-06-10,2025-06-11,2025-06-17,863.88,431.94
334,65.0,38,3,2025-03-04,2025-03-08,2025-03-13,910.44,303.48
335,13.0,29,1,2025-06-22,2025-06-23,,316.4,316.4
336,68.0,30,1,2025-03-17,2025-03-21,2025-03-31,422.42,422.42
337,93.0,10,4,2024-10-20,2024-10-23,,957.36,239.34
338,84.0,10,1,2025-03-14,2025-03-16,2025-03-18,239.34,239.34
339,61.0,17,3,2025-08-23,2025-08-23,2025-08-31,1133.79,377.93
340,80.0,45,4,2024-09-26,2024-09-30,2024-10-09,512.12,128.03
341,84.0,6,3,2025-06-24,2025-06-25,2025-06-29,1030.32,343.44
342,87.0,35,4,2025-07-25,2025-07-26,2025-07-28,1908.84,477.21
343,41.0,41,4,2025-03-20,2025-03-21,2025-03-23,751.44,187.86
344,70.0,3,5,2025-02-25,2025-02-28,2025-03-09,2159.7,431.94
345,9.0,16,3,2025-08-29,2025-08-30,2025-09-08,1330.65,443.55
346,30.0,48,1,2024-10-03,2024-10-05,2024-10-10,368.63,368.63
347,56.0,7,1,2025-03-05,2025-03-05,2025-03-14,302.24,302.24
348,57.0,11,3,2025-02-04,2025-02-05,2025-02-07,399.57,133.19
349,4.0,3,3,2025-05-20,2025-05-23,2025-05-30,1295.82,431.94
350,8.0,19,3,2025-03-09,2025-03-12,2025-03-17,530.07,176.69
351,48.0,28,2,2025-08-09,2025-08-11,2025-08-13,124.28,62.14
352,32.0,34,4,2024-10-07,2024-10-08,2024-10-11,356.64,89.16
353,73.0,44,2,2024-10-10,2024-10-10,2024-10-15,254.66,127.33
354,22.0,12,1,2025-04-21,2025-04-26,2025-04-30,281.08,281.08
355,79.0,25,5,2024-10-05,2024-10-09,2024-10-12,2431.15,486.23
356,88.0,16,4,2024-12-20,2024-12-26,2025-01-03,1774.2,443.55
357,75.0,10,2,2025-04-30,2025-05-06,2025-05-07,478.68,239.34
358,60.0,41,3,2025-03-30,2025-03-31,2025-04-03,563.58,187.86
359,59.0,17,1,2025-01-08,2025-01-11,2025-01-13,377.93,377.93
360,60.0,19,5,2025-09-10,2025-09-13,2025-09-22,883.45,176.69
361,21.0,5,4,2025-03-24,2025-03-24,2025-04-02,353.56,88.39
362,45.0,38,3,2025-02-24,2025-02-28,2025-03-09,910.44,303.48
363,82.0,28,3,2025-04-20,2025-04-21,2025-04-26,186.42,62.14
364,59.0,20,2,2024-10-17,2024-10-17,,307.64,153.82
365,50.0,31,1,2025-05-25,2025-05-25,2025-05-30,258.75,258.75
366,31.0,25,5,2025-07-20,2025-07-20,2025-07-21,2431.15,486.23
367,46.0,37,3,2025-05-07,2025-05-13,2025-05-21,1380.18,460.06
368,90.0,19,1,2025-06-19,2025-06-23,2025-06-24,176.69,176.69
369,85.0,26,3,2025-06-01,2025-06-04,2025-06-10,1150.08,383.36
370,2.0,37,1,2024-11-28,2024-12-05,2024-12-15,460.06,460.06
371,78.0,48,4,2025-02-23,2025-02-23,2025-03-05,1474.52,368.63
372,37.0,50,2,2024-12-03,2024-12-06,,978.42,489.21
373,78.0,23,2,2025-01-13,2025-01-16,2025-01-23,727.66,363.83
374,82.0,13,5,2025-02-23,2025-02-23,2025-03-04,2358.95,471.79
375,33.0,44,2,2025-02-10,2025-02-11,2025-02-18,254.66,127.33
376,81.0,7,1,2024-10-15,2024-10-19,2024-10-23,302.24,302.24
377,40.0,29,1,2025-02-14,2025-02-19,2025-03-01,316.4,316.4
378,75.0,24,2,2025-05-12,2025-05-15,2025-05-23,725.28,362.64
379,12.0,19,3,2025-01-25,2025-01-26,2025-01-28,530.07,176.69
380,96.0,27,2,2024-11-05,2024-11-10,2024-11-20,517.52,258.76
381,26.0,9,5,2025-08-14,2025-08-18,2025-08-26,1509.95,301.99
382,47.0,34,5,2024-10-05,2024-10-08,2024-10-17,445.8,89.16
383,35.0,11,3,2025-07-12,2025-07-16,2025-07-26,399.57,133.19
384,62.0,19,3,2024-10-15,2024-10-20,2024-10-23,530.07,176.69
385,15.0,30,1,2024-10-16,2024-10-21,2024-10-28,422.42,422.42
386,19.0,49,2,2025-06-08,2025-06-09,2025-06-12,819.7,409.85
387,87.0,47,4,2025-07-05,2025-07-05,2025-07-06,194.36,48.59
388,72.0,24,1,2025-04-02,2025-04-04,2025-04-13,362.64,362.64
389,51.0,1,3,2025-04-13,2025-04-16,2025-04-25,755.46,251.82
390,69.0,8,4,2025-04-04,2025-04-08,2025-04-15,794.16,198.54
391,48.0,44,3,2025-01-09,2025-01-12,2025-01-13,381.99,127.33
392,75.0,25,3,2024-10-25,2024-10-26,2024-10-28,1458.69,486.23
393,14.0,44,2,2025-01-18,2025-01-19,2025-01-28,254.66,127.33
394,61.0,2,5,2025-05-12,2025-05-13,2025-05-22,1901.65,380.33
395,72.0,21,5,2025-06-12,2025-06-13,2025-06-17,437.5,87.5
396,29.0,42,1,2025-07-25,2025-07-26,,492.81,492.81
397,82.0,30,3,2025-06-01,2025-06-05,2025-06-11,1267.26,422.42
398,84.0,27,1,2025-08-31,2025-09-07,2025-09-15,258.76,258.76
399,18.0,3,1,2025-04-18,2025-04-20,2025-04-29,431.94,431.94
400,39.0,32,1,2025-01-17,2025-01-21,2025-01-29,107.47,107.47
401,13.0,16,5,2025-04-10,2025-04-16,2025-04-21,2217.75,443.55
402,18.0,25,4,2024-11-27,2024-12-02,2024-12-04,1944.92,486.23
403,48.0,43,5,2025-05-09,2025-05-11,2025-05-21,2026.6,405.32
404,54.0,38,2,2024-12-02,2024-12-06,2024-12-11,606.96,303.48
405,54.0,42,1,2024-10-20,2024-10-23,2024-11-01,492.81,492.81
406,63.0,40,4,2025-07-17,2025-07-23,,-31.96,-7.99
407,36.0,3,3,2025-01-23,2025-01-24,2025-01-26,1295.82,431.94
408,28.0,29,4,2025-06-17,2025-06-19,,1265.6,316.4
409,31.0,24,1,2025-04-09,2025-04-14,2025-04-22,362.64,362.64
410,88.0,24,5,2025-07-03,2025-07-07,2025-07-11,1813.2,362.64
411,83.0,23,1,2025-07-17,2025-07-20,2025-07-29,363.83,363.83
412,51.0,18,2,2025-09-02,2025-09-04,2025-09-13,773.22,386.61
413,16.0,30,1,2025-07-07,2025-07-07,2025-07-17,422.42,422.42
414,85.0,14,5,2025-04-23,2025-04-28,2025-05-03,0.0,0.0
415,3.0,4,3,2025-05-04,2025-05-08,2025-05-14,254.67,84.89
416,32.0,9,5,2024-09-20,2024-09-21,2024-10-01,1509.95,301.99
417,27.0,5,5,2025-08-17,2025-08-20,,441.95,88.39
418,27.0,38,2,2025-07-11,2025-07-12,2025-07-13,606.96,303.48
419,30.0,22,2,2024-12-17,2024-12-17,2024-12-20,23.18,11.59
420,77.0,1,3,2024-11-16,2024-11-21,2024-11-23,755.46,251.82
421,19.0,9,5,2025-05-26,2025-05-29,2025-05-30,1509.95,301.99
422,33.0,12,1,2025-01-02,2025-01-07,2025-01-15,281.08,281.08
423,85.0,2,2,2025-01-13,2025-01-14,2025-01-23,760.66,380.33
424,2.0,23,2,2024-09-13,2024-09-15,2024-09-20,727.66,363.83
425,76.0,21,1,2025-07-26,2025-07-30,2025-08-05,87.5,87.5
426,23.0,17,1,2025-04-06,2025-04-07,2025-04-17,377.93,377.93
427,17.0,48,4,2025-02-04,2025-02-06,2025-02-16,1474.52,368.63
428,68.0,8,1,2024-11-01,2024-11-02,2024-11-09,198.54,198.54
429,61.0,29,3,2025-04-30,2025-05-01,2025-05-08,949.2,316.4
430,66.0,38,1,2024-09-22,2024-09-23,2024-09-24,303.48,303.48
431,58.0,33,2,2025-06-11,2025-06-14,2025-06-16,386.44,193.22
432,79.0,3,5,2024-11-28,2024-12-01,2024-12-04,2159.7,431.94
433,39.0,30,1,2025-02-11,2025-02-12,2025-02-19,422.42,422.42
434,8.0,31,4,2025-01-13,2025-01-16,,1035.0,258.75
435,55.0,44,1,2025-01-24,2025-01-26,2025-01-31,127.33,127.33
436,63.0,46,4,2025-06-02,2025-06-03,,1152.0,288.0
437,10.0,6,3,2025-06-22,2025-06-26,2025-06-27,1030.32,343.44
438,78.0,10,1,2025-04-06,2025-04-10,2025-04-16,239.34,239.34
439,17.0,18,5,2024-10-12,2024-10-14,2024-10-16,1933.05,386.61
440,82.0,38,5,2024-09-30,2024-10-05,,1517.4,303.48
441,92.0,21,4,2024-11-07,2024-11-14,2024-11-17,350.0,87.5
442,77.0,34,3,2025-04-25,2025-04-28,2025-04-29,267.48,89.16
443,59.0,33,5,2025-05-15,2025-05-17,2025-05-20,966.1,193.22
444,56.0,7,1,2024-12-19,2024-12-20,2024-12-22,302.24,302.24
445,84.0,42,5,2025-05-11,2025-05-12,,2464.05,492.81
446,93.0,14,4,2025-03-07,2025-03-09,2025-03-16,0.0,0.0
447,58.0,15,4,2025-02-19,2025-02-22,2025-02-26,264.52,66.13
448,44.0,30,4,2024-12-19,2024-12-24,2024-12-28,1689.68,422.42
449,54.0,47,1,2025-06-14,2025-06-17,2025-06-18,48.59,48.59
450,41.0,28,3,2024-10-22,2024-10-29,2024-11-03,186.42,62.14
451,86.0,17,3,2025-02-15,2025-02-21,2025-02-25,1133.79,377.93
452,20.0,44,4,2024-12-23,2024-12-25,2024-12-28,509.32,127.33
453,9.0,6,1,2025-05-17,2025-05-19,2025-05-25,343.44,343.44
454,12.0,28,1,2025-03-08,2025-03-09,2025-03-10,62.14,62.14
455,96.0,48,3,2025-05-13,2025-05-16,2025-05-24,1105.89,368.63
456,17.0,36,1,2024-09-27,2024-09-28,2024-10-03,461.99,461.99
457,76.0,36,5,2025-02-02,2025-02-03,2025-02-05,2309.95,461.99
458,43.0,43,1,2025-04-18,2025-04-22,2025-04-27,405.32,405.32
459,53.0,23,4,2024-09-13,2024-09-19,,1455.32,363.83
460,93.0,4,3,2024-12-30,2024-12-31,2025-01-07,254.67,84.89
461,77.0,20,3,2024-11-27,2024-11-28,2024-12-02,461.46,153.82
462,14.0,37,5,2024-10-31,2024-11-03,2024-11-09,2300.3,460.06
463,28.0,10,4,2024-12-13,2024-12-16,2024-12-24,957.36,239.34
464,29.0,7,3,2025-01-09,2025-01-11,,906.72,302.24
465,72.0,24,1,2024-09-13,2024-09-14,2024-09-16,362.64,362.64
466,98.0,18,5,2025-06-11,2025-06-13,2025-06-22,1933.05,386.61
467,29.0,28,5,2024-11-14,2024-11-19,2024-11-27,310.7,62.14
468,99.0,40,5,2025-01-28,2025-02-01,2025-02-10,-39.95,-7.99
469,87.0,42,5,2025-05-26,2025-05-27,,2464.05,492.81
470,4.0,39,3,2025-03-13,2025-03-14,2025-03-20,748.26,249.42
471,4.0,12,3,2025-07-13,2025-07-14,2025-07-22,843.24,281.08
472,90.0,49,3,2025-07-03,2025-07-03,2025-07-05,1229.55,409.85
473,44.0,23,1,2024-10-07,2024-10-10,2024-10-11,363.83,363.83
474,24.0,10,5,2025-07-23,2025-07-28,2025-08-04,1196.7,239.34
475,85.0,26,1,2024-09-26,2024-09-27,2024-10-07,383.36,383.36
476,19.0,48,1,2024-09-17,2024-09-22,2024-09-29,368.63,368.63
477,12.0,48,5,2025-08-14,2025-08-17,,1843.15,368.63
478,28.0,25,4,2025-07-23,2025-07-24,2025-08-02,1944.92,486.23
479,59.0,22,2,2025-04-09,2025-04-15,2025-04-24,23.18,11.59
480,48.0,20,3,2025-04-08,2025-04-12,2025-04-14,461.46,153.82
481,100.0,37,5,2025-05-28,2025-05-31,2025-06-07,2300.3,460.06
482,11.0,4,2,2025-02-10,2025-02-13,2025-02-19,169.78,84.89
483,21.0,49,5,2024-10-23,2024-10-28,2024-10-31,2049.25,409.85
484,7.0,44,1,2024-09-18,2024-09-18,2024-09-20,127.33,127.33
485,35.0,29,4,2025-01-07,2025-01-07,2025-01-16,1265.6,316.4
486,63.0,39,4,2025-07-01,2025-07-06,2025-07-13,997.68,249.42
487,54.0,18,2,2025-04-25,2025-04-27,2025-05-04,773.22,386.61
488,97.0,33,1,2025-07-12,2025-07-14,2025-07-16,193.22,193.22
489,45.0,28,1,2025-08-13,2025-08-13,2025-08-18,62.14,62.14
490,37.0,44,5,2024-10-13,2024-10-20,,636.65,127.33
491,63.0,34,3,2025-07-17,2025-07-20,2025-07-23,267.48,89.16
492,6.0,15,4,2024-12-09,2024-12-10,2024-12-11,264.52,66.13
493,77.0,4,1,2025-04-14,2025-04-19,2025-04-24,84.89,84.89
494,27.0,20,2,2025-03-21,2025-03-25,2025-03-29,307.64,153.82
495,99.0,9,3,2025-02-02,2025-02-05,2025-02-09,905.97,301.99
496,38.0,21,1,2025-01-02,2025-01-05,2025-01-08,87.5,87.5
497,1.0,32,4,2025-01-13,2025-01-16,2025-01-21,429.88,107.47
498,23.0,9,4,2025-01-10,2025-01-12,2025-01-14,1207.96,301.99
499,69.0,46,2,2024-11-11,2024-11-15,2024-11-18,576.0,288.0
500,65.0,36,3,2025-03-16,2025-03-19,2025-03-22,1385.97,461.99
501,10.0,26,1,2024-10-22,2024-10-25,2024-10-26,383.36,383.36
502,56.0,2,4,2025-03-16,2025-03-17,2025-03-24,1521.32,380.33
503,10.0,21,5,2025-08-08,2025-08-11,2025-08-13,437.5,87.5
504,55.0,37,4,2025-01-16,2025-01-17,2025-01-26,1840.24,460.06
505,91.0,41,4,2025-06-04,2025-06-05,2025-06-13,751.44,187.86
506,38.0,8,4,2025-07-07,2025-07-10,2025-07-17,794.16,198.54
507,3.0,21,2,2025-07-06,2025-07-07,2025-07-16,175.0,87.5
508,80.0,30,3,2024-12-06,2024-12-08,2024-12-13,1267.26,422.42
509,12.0,28,1,2024-11-03,2024-11-05,2024-11-13,62.14,62.14
510,32.0,28,5,2024-11-22,2024-11-24,2024-12-04,310.7,62.14
511,52.0,34,1,2025-04-19,2025-04-19,2025-04-29,89.16,89.16
512,51.0,20,3,2025-06-16,2025-06-18,2025-06-27,461.46,153.82
513,29.0,22,2,2025-05-08,2025-05-10,2025-05-11,23.18,11.59
514,10.0,33,1,2024-11-14,2024-11-15,2024-11-24,193.22,193.22
515,68.0,33,2,2025-06-20,2025-06-23,2025-06-28,386.44,193.22
516,100.0,23,3,2025-03-10,2025-03-14,2025-03-22,1091.49,363.83
517,,42,2,2025-06-14,2025-06-17,2025-06-21,985.62,492.81
518,31.0,7,2,2025-06-16,2025-06-17,2025-06-22,604.48,302.24
519,33.0,13,2,2025-02-22,2025-02-28,2025-03-07,943.58,471.79
520,78.0,10,1,2025-08-15,2025-08-16,2025-08-21,239.34,239.34
521,23.0,50,4,2025-04-05,2025-04-06,2025-04-16,1956.84,489.21
522,60.0,49,5,2025-05-01,2025-05-03,2025-05-05,2049.25,409.85
523,98.0,38,4,2025-04-27,2025-04-29,,1213.92,303.48
524,88.0,37,5,2025-07-24,2025-07-27,2025-07-29,2300.3,460.06
525,42.0,41,3,2025-04-28,2025-04-30,2025-05-07,563.58,187.86
526,20.0,29,1,2024-11-05,2024-11-05,2024-11-07,316.4,316.4
527,61.0,29,3,2024-10-05,2024-10-06,2024-10-08,949.2,316.4
528,36.0,38,1,2025-02-19,2025-02-20,2025-02-26,303.48,303.48
529,46.0,33,1,2024-12-30,2025-01-04,2025-01-06,193.22,193.22
530,,30,4,2024-12-20,2024-12-23,,1689.68,422.42
531,5.0,4,3,2024-10-01,2024-10-03,2024-10-05,254.67,84.89
532,,5,1,2025-03-15,2025-03-18,2025-03-26,88.39,88.39
533,79.0,39,5,2025-01-02,2025-01-06,2025-01-15,1247.1,249.42
534,50.0,30,5,2025-02-23,2025-02-27,2025-03-02,2112.1,422.42
535,71.0,48,1,2024-10-01,2024-10-07,2024-10-12,368.63,368.63
536,58.0,37,2,2025-07-12,2025-07-15,2025-07-17,920.12,460.06
537,42.0,39,4,2024-10-09,2024-10-16,2024-10-25,997.68,249.42
538,65.0,10,1,2025-07-24,2025-07-29,,239.34,239.34
539,58.0,7,3,2025-07-21,2025-07-25,2025-08-03,906.72,302.24
540,92.0,6,5,2025-04-24,2025-04-25,2025-05-01,1717.2,343.44
541,83.0,12,1,2025-03-15,2025-03-17,2025-03-23,281.08,281.08
542,32.0,46,4,2025-02-27,2025-03-05,2025-03-12,1152.0,288.0
543,57.0,34,5,2025-04-01,2025-04-03,2025-04-11,445.8,89.16
544,79.0,11,3,2025-06-27,2025-06-28,2025-07-03,399.57,133.19
545,48.0,19,4,2025-08-04,2025-08-06,2025-08-13,706.76,176.69
546,53.0,50,3,2025-02-22,2025-02-25,2025-03-06,1467.63,489.21
547,87.0,39,1,2025-07-04,2025-07-07,2025-07-10,249.42,249.42
548,81.0,42,3,2025-05-07,2025-05-08,2025-05-11,1478.43,492.81
549,9.0,22,1,2025-01-06,2025-01-07,2025-01-09,11.59,11.59
550,72.0,44,4,2025-03-04,2025-03-06,2025-03-16,509.32,127.33
551,37.0,17,5,2024-11-05,2024-11-11,2024-11-16,1889.65,377.93
552,20.0,22,1,2024-10-03,2024-10-08,2024-10-13,11.59,11.59
553,,43,2,2024-10-18,2024-10-20,2024-10-24,810.64,405.32
554,45.0,20,4,2025-08-06,2025-08-09,2025-08-15,615.28,153.82
555,17.0,39,1,2025-01-14,2025-01-18,2025-01-23,249.42,249.42
556,40.0,36,4,2025-05-30,2025-05-31,2025-06-05,1847.96,461.99
557,83.0,22,2,2025-03-14,2025-03-19,2025-03-22,23.18,11.59
558,86.0,45,5,2024-11-13,2024-11-13,,640.15,128.03
559,12.0,42,4,2024-12-10,2024-12-12,2024-12-16,1971.24,492.81
560,66.0,24,1,2025-02-18,2025-02-19,2025-02-22,362.64,362.64
561,47.0,20,2,2025-02-18,2025-02-21,2025-02-23,307.64,153.82
562,28.0,22,4,2025-03-21,2025-03-23,,46.36,11.59
563,25.0,15,2,2024-11-08,2024-11-13,2024-11-20,132.26,66.13
564,20.0,5,3,2025-01-25,2025-01-29,2025-02-05,265.17,88.39
565,13.0,33,5,2024-12-23,2024-12-24,2025-01-03,966.1,193.22
566,95.0,34,1,2025-02-07,2025-02-13,2025-02-19,89.16,89.16
567,85.0,22,5,2025-01-12,2025-01-17,2025-01-25,57.95,11.59
568,17.0,39,4,2025-04-17,2025-04-20,2025-04-27,997.68,249.42
569,20.0,11,2,2025-06-26,2025-06-29,2025-07-08,266.38,133.19
570,89.0,50,5,2025-05-05,2025-05-09,2025-05-17,2446.05,489.21
571,22.0,47,4,2024-10-05,2024-10-07,2024-10-15,194.36,48.59
572,6.0,27,3,2024-10-15,2024-10-19,2024-10-24,776.28,258.76
573,87.0,47,2,2025-05-17,2025-05-19,2025-05-23,97.18,48.59
574,57.0,40,3,2024-12-23,2024-12-25,2024-12-27,-23.97,-7.99
575,97.0,48,4,2025-06-02,2025-06-06,2025-06-13,1474.52,368.63
576,30.0,35,2,2025-05-09,2025-05-12,2025-05-15,954.42,477.21
577,40.0,31,2,2025-08-08,2025-08-13,2025-08-18,517.5,258.75
578,48.0,44,5,2025-07-27,2025-07-27,2025-07-30,636.65,127.33
579,57.0,30,3,2025-01-11,2025-01-14,2025-01-24,1267.26,422.42
580,100.0,25,5,2025-04-12,2025-04-13,2025-04-22,2431.15,486.23
581,68.0,27,2,2024-11-01,2024-11-03,,517.52,258.76
582,26.0,39,2,2025-01-17,2025-01-18,2025-01-21,498.84,249.42
583,33.0,4,4,2025-08-31,2025-09-02,2025-09-11,339.56,84.89
584,48.0,36,1,2025-05-24,2025-05-28,,461.99,461.99
585,92.0,34,1,2025-02-01,2025-02-02,2025-02-12,89.16,89.16
586,37.0,6,2,2025-04-16,2025-04-18,2025-04-22,686.88,343.44
587,35.0,29,5,2025-08-20,2025-08-20,2025-08-23,1582.0,316.4
588,19.0,28,1,2025-01-02,2025-01-04,2025-01-10,62.14,62.14
589,29.0,29,3,2025-01-26,2025-01-28,2025-01-29,949.2,316.4
590,4.0,27,1,2025-06-27,2025-07-02,2025-07-07,258.76,258.76
591,51.0,33,3,2025-07-05,2025-07-06,2025-07-09,579.66,193.22
592,31.0,25,1,2025-05-14,2025-05-17,2025-05-20,486.23,486.23
593,48.0,15,1,2025-07-11,2025-07-12,2025-07-14,66.13,66.13
594,41.0,7,3,2025-06-08,2025-06-10,,906.72,302.24
595,19.0,9,1,2025-05-19,2025-05-21,2025-05-27,301.99,301.99
596,37.0,31,2,2025-03-22,2025-03-25,,517.5,258.75
597,98.0,46,4,2025-05-05,2025-05-06,2025-05-15,1152.0,288.0
598,58.0,40,1,2025-02-12,2025-02-13,2025-02-22,-7.99,-7.99
599,11.0,2,3,2025-01-21,2025-01-26,2025-02-03,1140.99,380.33
600,28.0,10,5,2025-01-21,2025-01-25,2025-02-01,1196.7,239.34
601,94.0,39,5,2024-11-15,2024-11-17,2024-11-22,1247.1,249.42
602,55.0,8,3,2024-11-28,2024-12-02,2024-12-03,595.62,198.54
603,31.0,20,1,2025-08-23,2025-08-28,2025-09-03,153.82,153.82
604,7.0,16,4,2025-03-07,2025-03-08,2025-03-09,1774.2,443.55
605,82.0,40,4,2024-12-02,2024-12-05,2024-12-09,-31.96,-7.99
606,9.0,8,4,2024-10-31,2024-11-04,2024-11-05,794.16,198.54
607,77.0,35,1,2024-10-09,2024-10-10,2024-10-19,477.21,477.21
608,81.0,33,5,2025-07-17,2025-07-17,,966.1,193.22
609,31.0,46,2,2024-10-18,2024-10-21,2024-10-25,576.0,288.0
610,38.0,28,1,2025-06-20,2025-06-21,,62.14,62.14
611,79.0,23,2,2025-07-13,2025-07-18,2025-07-24,727.66,363.83
612,74.0,27,2,2025-07-31,2025-08-02,,517.52,258.76
613,86.0,43,1,2024-09-24,2024-09-29,2024-09-30,405.32,405.32
614,68.0,24,1,2025-01-12,2025-01-13,2025-01-16,362.64,362.64
615,68.0,35,5,2025-06-18,2025-06-21,2025-06-27,2386.05,477.21
616,65.0,36,1,2024-10-28,2024-10-29,2024-11-07,461.99,461.99
617,50.0,31,1,2025-01-26,2025-01-28,2025-01-30,258.75,258.75
618,82.0,25,3,2024-11-09,2024-11-10,,1458.69,486.23
619,33.0,48,1,2025-07-12,2025-07-15,,368.63,368.63
620,46.0,5,3,2025-06-20,2025-06-23,2025-06-24,265.17,88.39
621,31.0,47,1,2025-07-04,2025-07-10,2025-07-16,48.59,48.59
622,99.0,38,3,2024-11-10,2024-11-15,2024-11-18,910.44,303.48
623,18.0,3,3,2025-02-18,2025-02-20,2025-02-25,1295.82,431.94
624,70.0,22,2,2025-02-08,2025-02-09,2025-02-13,23.18,11.59
625,100.0,44,4,2025-05-16,2025-05-17,,509.32,127.33
626,90.0,31,2,2024-12-06,2024-12-09,,517.5,258.75
627,18.0,5,4,2025-02-20,2025-02-22,2025-02-26,353.56,88.39
628,5.0,19,2,2024-12-24,2024-12-26,2025-01-01,353.38,176.69
629,6.0,13,1,2025-06-11,2025-06-11,2025-06-13,471.79,471.79
630,,20,0,2025-02-22,2025-02-25,2025-02-28,0.0,153.82
631,51.0,35,4,2025-03-25,2025-03-28,2025-04-06,1908.84,477.21
632,33.0,3,2,2025-01-02,2025-01-02,,863.88,431.94
633,37.0,23,1,2025-07-03,2025-07-03,2025-07-12,363.83,363.83
634,84.0,22,3,2025-03-01,2025-03-03,2025-03-08,34.77,11.59
635,16.0,24,4,2025-07-13,2025-07-14,2025-07-17,1450.56,362.64
636,52.0,48,4,2025-01-23,2025-01-24,2025-01-25,1474.52,368.63
637,50.0,22,2,2025-08-23,2025-08-26,,23.18,11.59
638,64.0,45,4,2025-09-06,2025-09-11,2025-09-15,512.12,128.03
639,48.0,34,3,2025-02-26,2025-02-27,2025-03-05,267.48,89.16
640,11.0,47,4,2024-12-23,2024-12-25,2024-12-29,194.36,48.59
641,11.0,28,5,2025-01-28,2025-01-30,2025-02-02,310.7,62.14
642,24.0,35,3,2025-03-23,2025-03-25,2025-04-01,1431.63,477.21
643,42.0,7,1,2025-08-30,2025-09-03,2025-09-10,302.24,302.24
644,42.0,43,3,2025-07-06,2025-07-08,2025-07-14,1215.96,405.32
645,40.0,29,5,2025-07-01,2025-07-05,2025-07-12,1582.0,316.4
646,92.0,28,2,2024-10-31,2024-11-01,2024-11-02,124.28,62.14
647,89.0,29,3,2024-12-11,2024-12-13,2024-12-18,949.2,316.4
648,58.0,3,3,2025-05-03,2025-05-04,2025-05-08,1295.82,431.94
649,79.0,28,3,2025-07-27,2025-07-29,2025-08-03,186.42,62.14
650,82.0,4,1,2025-04-01,2025-04-06,2025-04-16,84.89,84.89
651,86.0,41,4,2024-10-18,2024-10-19,2024-10-21,751.44,187.86
652,47.0,33,2,2025-07-17,2025-07-19,2025-07-23,386.44,193.22
653,4.0,10,5,2025-07-19,2025-07-24,2025-08-03,1196.7,239.34
654,87.0,29,1,2024-12-24,2024-12-29,,316.4,316.4
655,17.0,5,2,2025-06-17,2025-06-21,2025-06-22,176.78,88.39
656,100.0,42,3,2024-12-19,2024-12-24,2024-12-25,1478.43,492.81
657,47.0,25,5,2025-08-08,2025-08-13,2025-08-21,2431.15,486.23
658,,39,2,2024-11-03,2024-11-05,2024-11-07,498.84,249.42
659,87.0,29,3,2025-02-18,2025-02-20,2025-02-21,949.2,316.4
660,48.0,29,1,2025-08-23,2025-08-26,2025-09-03,316.4,316.4
661,74.0,9,5,2024-12-01,2024-12-06,2024-12-07,1509.95,301.99
662,47.0,26,3,2025-02-23,2025-02-25,2025-03-05,1150.08,383.36
663,84.0,18,2,2025-01-16,2025-01-16,2025-01-19,773.22,386.61
664,15.0,2,2,2024-09-20,2024-09-20,2024-09-25,760.66,380.33
665,64.0,34,4,2024-09-30,2024-10-03,2024-10-07,356.64,89.16
666,72.0,8,3,2025-03-13,2025-03-15,2025-03-22,595.62,198.54
667,100.0,17,4,2024-12-06,2024-12-10,2024-12-20,1511.72,377.93
668,28.0,40,3,2025-09-09,2025-09-09,2025-09-17,-23.97,-7.99
669,89.0,32,2,2025-01-26,2025-01-27,2025-01-28,214.94,107.47
670,16.0,9,1,2024-09-21,2024-09-22,2024-10-01,301.99,301.99
671,58.0,12,4,2025-08-17,2025-08-24,2025-08-27,1124.32,281.08
672,12.0,44,3,2025-07-15,2025-07-16,2025-07-25,381.99,127.33
673,86.0,23,1,2025-05-06,2025-05-09,2025-05-11,363.83,363.83
674,71.0,35,3,2025-06-27,2025-06-29,2025-07-07,1431.63,477.21
675,39.0,11,2,2024-10-31,2024-11-01,2024-11-03,266.38,133.19
676,47.0,33,2,2024-12-24,2024-12-25,2025-01-02,386.44,193.22
677,16.0,13,2,2025-07-11,2025-07-14,2025-07-22,943.58,471.79
678,31.0,32,1,2025-05-23,2025-05-25,2025-06-03,107.47,107.47
679,47.0,36,5,2024-10-31,2024-11-01,2024-11-05,2309.95,461.99
680,48.0,30,5,2025-05-27,2025-05-28,2025-05-29,2112.1,422.42
681,17.0,40,1,2025-02-22,2025-02-25,2025-03-04,-7.99,-7.99
682,9.0,20,4,2024-09-12,2024-09-17,2024-09-19,615.28,153.82
683,92.0,47,4,2024-10-09,2024-10-12,2024-10-20,194.36,48.59
684,68.0,27,4,2024-12-13,2024-12-17,2024-12-24,1035.04,258.76
685,,5,2,2025-07-13,2025-07-16,2025-07-22,176.78,88.39
686,41.0,42,1,2025-03-30,2025-04-03,2025-04-05,492.81,492.81
687,58.0,30,5,2025-06-04,2025-06-05,2025-06-09,2112.1,422.42
688,45.0,9,5,2025-03-23,2025-03-28,2025-03-31,1509.95,301.99
689,82.0,38,2,2024-10-21,2024-10-22,2024-10-28,606.96,303.48
690,99.0,9,4,2024-12-25,2024-12-28,2025-01-05,1207.96,301.99
691,65.0,4,1,2024-12-30,2025-01-02,2025-01-09,84.89,84.89
692,67.0,10,3,2024-09-28,2024-10-02,2024-10-11,718.02,239.34
693,22.0,11,3,2025-02-11,2025-02-15,2025-02-25,399.57,133.19
694,91.0,15,3,2025-06-28,2025-07-01,2025-07-06,198.39,66.13
695,67.0,19,1,2025-02-25,2025-03-02,2025-03-05,176.69,176.69
696,33.0,13,5,2024-10-21,2024-10-23,2024-11-01,2358.95,471.79
697,36.0,9,3,2025-08-08,2025-08-11,2025-08-18,905.97,301.99
698,79.0,35,1,2025-04-17,2025-04-20,2025-04-29,477.21,477.21
699,65.0,42,2,2024-09-17,2024-09-20,2024-09-30,985.62,492.81
700,76.0,38,2,2025-03-18,2025-03-23,2025-04-01,606.96,303.48
701,22.0,43,5,2024-12-08,2024-12-14,2024-12-17,2026.6,405.32
702,93.0,39,3,2024-11-02,2024-11-07,2024-11-10,748.26,249.42
703,73.0,3,1,2025-02-15,2025-02-22,2025-02-26,431.94,431.94
704,11.0,3,5,2025-04-24,2025-04-28,2025-05-01,2159.7,431.94
705,34.0,42,2,2024-12-08,2024-12-09,2024-12-15,985.62,492.81
706,99.0,37,4,2025-02-10,2025-02-14,2025-02-20,1840.24,460.06
707,80.0,41,1,2025-05-12,2025-05-13,2025-05-17,187.86,187.86
708,64.0,41,5,2024-10-12,2024-10-14,2024-10-17,939.3,187.86
709,38.0,42,3,2025-09-02,2025-09-02,2025-09-09,1478.43,492.81
710,62.0,16,4,2024-10-05,2024-10-09,2024-10-17,1774.2,443.55
711,39.0,30,1,2025-03-22,2025-03-25,2025-03-28,422.42,422.42
712,89.0,4,2,2025-03-15,2025-03-17,2025-03-23,169.78,84.89
713,57.0,27,4,2025-09-07,2025-09-11,2025-09-21,1035.04,258.76
714,60.0,14,3,2025-04-01,2025-04-05,2025-04-08,0.0,0.0
715,78.0,10,3,2025-01-31,2025-02-02,2025-02-09,718.02,239.34
716,92.0,21,3,2025-03-02,2025-03-06,2025-03-10,262.5,87.5
717,52.0,9,3,2025-05-01,2025-05-01,2025-05-10,905.97,301.99
718,66.0,36,1,2025-09-05,2025-09-11,2025-09-12,461.99,461.99
719,41.0,16,4,2024-12-12,2024-12-15,2024-12-21,1774.2,443.55
720,16.0,18,4,2024-09-16,2024-09-23,2024-09-30,1546.44,386.61
721,32.0,10,1,2025-06-26,2025-06-29,2025-07-08,239.34,239.34
722,7.0,19,4,2025-01-15,2025-01-18,,706.76,176.69
723,79.0,27,2,2025-06-06,2025-06-07,2025-06-13,517.52,258.76
724,21.0,21,5,2025-04-28,2025-04-29,2025-05-02,437.5,87.5
725,93.0,21,2,2025-06-20,2025-06-26,2025-07-06,175.0,87.5
726,98.0,11,4,2025-06-07,2025-06-12,2025-06-17,532.76,133.19
727,66.0,30,4,2025-01-10,2025-01-12,2025-01-17,1689.68,422.42
728,40.0,32,1,2024-09-27,2024-10-01,2024-10-08,107.47,107.47
729,12.0,26,5,2025-03-29,2025-04-04,2025-04-12,1916.8,383.36
730,59.0,16,2,2025-07-05,2025-07-09,2025-07-15,887.1,443.55
731,75.0,23,1,2024-11-14,2024-11-15,2024-11-24,363.83,363.83
732,7.0,19,4,2025-06-23,2025-06-27,2025-07-01,706.76,176.69
733,77.0,42,4,2025-02-28,2025-02-28,2025-03-10,1971.24,492.81
734,37.0,35,1,2025-05-23,2025-05-24,2025-05-27,477.21,477.21
735,14.0,28,2,2025-04-30,2025-05-01,2025-05-11,124.28,62.14
736,34.0,47,3,2025-07-05,2025-07-06,2025-07-16,145.77,48.59
737,98.0,26,3,2024-10-04,2024-10-09,2024-10-18,1150.08,383.36
738,6.0,26,1,2025-06-22,2025-06-24,2025-06-28,383.36,383.36
739,73.0,36,2,2025-02-25,2025-02-28,2025-03-05,923.98,461.99
740,47.0,36,3,2024-12-27,2024-12-30,2025-01-06,1385.97,461.99
741,10.0,25,5,2024-09-27,2024-09-27,2024-10-05,2431.15,486.23
742,58.0,49,5,2024-11-23,2024-11-26,2024-12-03,2049.25,409.85
743,36.0,40,5,2024-09-26,2024-09-28,2024-10-06,-39.95,-7.99
744,16.0,9,1,2025-08-18,2025-08-19,2025-08-29,301.99,301.99
745,51.0,24,3,2025-03-18,2025-03-25,2025-04-01,1087.92,362.64
746,72.0,24,2,2025-09-08,2025-09-09,2025-09-12,725.28,362.64
747,26.0,39,5,2025-03-28,2025-03-30,,1247.1,249.42
748,52.0,33,1,2024-12-12,2024-12-19,2024-12-20,193.22,193.22
749,6.0,3,2,2025-06-13,2025-06-14,2025-06-24,863.88,431.94
750,92.0,22,4,2024-11-19,2024-11-19,2024-11-20,46.36,11.59
751,67.0,30,2,2025-01-19,2025-01-22,2025-01-24,844.84,422.42
752,78.0,33,2,2025-06-23,2025-06-25,2025-07-02,386.44,193.22
753,42.0,40,3,2025-07-24,2025-07-28,2025-08-03,-23.97,-7.99
754,21.0,26,5,2025-01-10,2025-01-11,2025-01-21,1916.8,383.36
755,95.0,20,5,2024-10-26,2024-10-27,,769.1,153.82
756,44.0,33,5,2025-01-23,2025-01-28,2025-01-30,966.1,193.22
757,69.0,32,5,2025-08-02,2025-08-07,2025-08-14,537.35,107.47
758,39.0,31,1,2025-06-10,2025-06-13,2025-06-21,258.75,258.75
759,48.0,22,1,2025-08-04,2025-08-05,2025-08-08,11.59,11.59
760,54.0,38,3,2025-01-30,2025-01-30,2025-02-06,910.44,303.48
761,93.0,45,1,2025-09-02,2025-09-07,2025-09-11,128.03,128.03
762,77.0,31,3,2025-03-11,2025-03-15,2025-03-23,776.25,258.75
763,84.0,50,5,2025-03-12,2025-03-13,2025-03-17,2446.05,489.21
764,74.0,15,1,2025-08-15,2025-08-20,2025-08-29,66.13,66.13
765,75.0,31,2,2025-03-20,2025-03-23,2025-03-24,517.5,258.75
766,68.0,41,5,2025-07-01,2025-07-01,2025-07-04,939.3,187.86
767,100.0,25,2,2025-06-04,2025-06-10,2025-06-14,972.46,486.23
768,88.0,16,1,2024-10-09,2024-10-13,2024-10-20,443.55,443.55
769,74.0,45,1,2025-04-19,2025-04-24,2025-04-27,128.03,128.03
770,25.0,2,4,2025-07-08,2025-07-10,2025-07-20,1521.32,380.33
771,41.0,27,2,2025-03-29,2025-03-29,2025-04-07,517.52,258.76
772,53.0,45,2,2025-01-06,2025-01-09,2025-01-16,256.06,128.03
773,53.0,33,5,2024-10-10,2024-10-13,2024-10-21,966.1,193.22
774,61.0,48,1,2025-05-10,2025-05-13,2025-05-19,368.63,368.63
775,91.0,9,5,2025-01-01,2025-01-05,2025-01-08,1509.95,301.99
776,27.0,36,3,2025-04-19,2025-04-21,2025-04-29,1385.97,461.99
777,85.0,31,5,2025-02-13,2025-02-16,2025-02-23,1293.75,258.75
778,49.0,21,2,2025-05-21,2025-05-22,2025-05-27,175.0,87.5
779,59.0,35,3,2025-01-17,2025-01-19,2025-01-25,1431.63,477.21
780,70.0,23,3,2024-09-26,2024-10-01,2024-10-08,1091.49,363.83
781,79.0,31,2,2025-07-26,2025-08-02,2025-08-09,517.5,258.75
782,32.0,18,5,2025-01-18,2025-01-19,2025-01-21,1933.05,386.61
783,39.0,15,3,2025-09-11,2025-09-12,2025-09-19,198.39,66.13
784,99.0,19,2,2024-12-20,2024-12-21,2024-12-24,353.38,176.69
785,89.0,46,4,2025-09-04,2025-09-07,2025-09-09,1152.0,288.0
786,41.0,31,3,2025-08-23,2025-08-24,2025-08-27,776.25,258.75
787,72.0,47,3,2024-10-08,2024-10-09,2024-10-13,145.77,48.59
788,37.0,8,5,2025-05-02,2025-05-08,2025-05-17,992.7,198.54
789,,35,-2,2025-01-21,2025-01-23,2025-02-01,-954.42,477.21
790,51.0,23,2,2025-07-01,2025-07-03,2025-07-06,727.66,363.83
791,38.0,3,3,2025-05-17,2025-05-22,2025-05-27,1295.82,431.94
792,92.0,6,3,2025-08-25,2025-08-26,2025-08-27,1030.32,343.44
793,57.0,42,3,2024-11-02,2024-11-03,2024-11-12,1478.43,492.81
794,96.0,31,2,2025-04-21,2025-04-25,2025-05-04,517.5,258.75
795,26.0,35,3,2025-06-23,2025-06-25,2025-06-26,1431.63,477.21
796,72.0,45,3,2024-09-23,2024-09-28,2024-10-01,384.09,128.03
797,18.0,7,5,2024-10-05,2024-10-05,2024-10-07,1511.2,302.24
798,95.0,38,2,2025-06-22,2025-06-24,2025-07-01,606.96,303.48
799,32.0,4,5,2025-01-23,2025-01-24,2025-01-25,424.45,84.89
800,29.0,41,2,2025-01-29,2025-02-03,2025-02-06,375.72,187.86
801,7.0,7,4,2025-04-06,2025-04-10,2025-04-16,1208.96,302.24
802,43.0,46,4,2025-04-20,2025-04-22,2025-05-01,1152.0,288.0
803,13.0,44,2,2025-05-17,2025-05-19,2025-05-23,254.66,127.33
804,1.0,36,2,2025-08-24,2025-08-29,2025-09-01,923.98,461.99
805,53.0,42,4,2025-01-25,2025-01-25,2025-01-28,1971.24,492.81
806,62.0,42,2,2025-06-17,2025-06-23,2025-06-30,985.62,492.81
807,97.0,19,3,2025-04-09,2025-04-10,2025-04-16,530.07,176.69
808,37.0,42,1,2025-03-23,2025-03-24,2025-03-27,492.81,492.81
809,99.0,6,5,2025-02-03,2025-02-05,2025-02-09,1717.2,343.44
810,30.0,35,1,2025-05-06,2025-05-06,2025-05-16,477.21,477.21
811,23.0,27,2,2024-12-11,2024-12-18,2024-12-27,517.52,258.76
812,5.0,26,4,2024-10-22,2024-10-23,2024-11-02,1533.44,383.36
813,24.0,48,3,2025-06-07,2025-06-11,2025-06-18,1105.89,368.63
814,5.0,1,3,2025-03-12,2025-03-15,2025-03-22,755.46,251.82
815,73.0,39,1,2025-01-30,2025-02-02,2025-02-06,249.42,249.42
816,43.0,19,4,2025-04-04,2025-04-05,2025-04-09,706.76,176.69
817,83.0,35,5,2024-12-15,2024-12-15,2024-12-16,2386.05,477.21
818,64.0,9,5,2024-12-15,2024-12-17,2024-12-22,1509.95,301.99
819,60.0,18,2,2025-02-21,2025-02-22,2025-03-03,773.22,386.61
820,15.0,22,2,2025-09-10,2025-09-10,2025-09-18,23.18,11.59
821,94.0,30,3,2024-12-24,2024-12-29,2025-01-04,1267.26,422.42
822,92.0,12,1,2025-08-12,2025-08-17,2025-08-24,281.08,281.08
823,95.0,22,3,2025-03-09,2025-03-12,2025-03-15,34.77,11.59
824,73.0,44,2,2024-10-25,2024-10-26,2024-10-31,254.66,127.33
825,23.0,40,4,2025-07-20,2025-07-23,2025-07-27,-31.96,-7.99
826,55.0,33,3,2025-02-23,2025-02-24,2025-03-01,579.66,193.22
827,12.0,26,1,2025-08-05,2025-08-05,2025-08-09,383.36,383.36
828,24.0,9,4,2025-02-20,2025-02-25,2025-02-26,1207.96,301.99
829,42.0,16,1,2024-10-13,2024-10-13,2024-10-21,443.55,443.55
830,34.0,25,2,2025-05-18,2025-05-20,2025-05-29,972.46,486.23
831,58.0,49,3,2025-07-17,2025-07-19,2025-07-25,1229.55,409.85
832,43.0,20,5,2025-01-05,2025-01-08,2025-01-12,769.1,153.82
833,93.0,37,1,2025-01-16,2025-01-20,2025-01-27,460.06,460.06
834,34.0,42,3,2024-10-04,2024-10-07,2024-10-13,1478.43,492.81
835,89.0,16,1,2025-03-28,2025-04-01,,443.55,443.55
836,86.0,8,4,2025-08-03,2025-08-04,2025-08-11,794.16,198.54
837,40.0,11,4,2025-07-19,2025-07-26,2025-08-01,532.76,133.19
838,88.0,33,3,2025-05-29,2025-05-29,2025-05-30,579.66,193.22
839,89.0,8,3,2025-08-16,2025-08-16,2025-08-24,595.62,198.54
840,48.0,40,2,2025-05-02,2025-05-03,2025-05-12,-15.98,-7.99
841,29.0,9,4,2025-06-28,2025-06-30,2025-07-08,1207.96,301.99
842,20.0,30,5,2025-03-16,2025-03-18,2025-03-22,2112.1,422.42
843,48.0,27,5,2024-10-25,2024-10-26,2024-11-01,1293.8,258.76
844,61.0,49,5,2024-11-23,2024-11-28,2024-12-06,2049.25,409.85
845,86.0,14,2,2024-10-31,2024-10-31,2024-11-10,0.0,0.0
846,88.0,49,5,2025-06-27,2025-06-29,2025-07-09,2049.25,409.85
847,11.0,34,4,2024-09-20,2024-09-21,,356.64,89.16
848,68.0,46,3,2025-04-01,2025-04-03,2025-04-12,864.0,288.0
849,10.0,37,1,2025-01-24,2025-01-29,2025-02-05,460.06,460.06
850,8.0,36,5,2025-07-02,2025-07-05,2025-07-08,2309.95,461.99
851,26.0,37,5,2025-03-31,2025-04-02,2025-04-03,2300.3,460.06
852,20.0,11,3,2025-04-22,2025-04-24,2025-05-02,399.57,133.19
853,67.0,29,1,2024-10-12,2024-10-18,2024-10-19,316.4,316.4
854,88.0,14,5,2025-01-02,2025-01-07,,0.0,0.0
855,63.0,6,5,2025-09-11,2025-09-16,2025-09-23,1717.2,343.44
856,58.0,4,4,2025-06-01,2025-06-05,2025-06-06,339.56,84.89
857,17.0,33,4,2025-03-22,2025-03-25,2025-03-27,772.88,193.22
858,59.0,37,1,2025-06-19,2025-06-22,2025-06-26,460.06,460.06
859,72.0,30,3,2025-07-09,2025-07-11,2025-07-19,1267.26,422.42
860,93.0,2,4,2024-10-07,2024-10-11,2024-10-21,1521.32,380.33
861,33.0,1,2,2025-09-01,2025-09-03,2025-09-05,503.64,251.82
862,75.0,5,1,2025-05-04,2025-05-07,2025-05-09,88.39,88.39
863,55.0,23,1,2025-02-22,2025-02-27,2025-03-01,363.83,363.83
864,70.0,4,1,2025-05-17,2025-05-18,2025-05-25,84.89,84.89
865,61.0,3,3,2025-01-15,2025-01-20,2025-01-25,1295.82,431.94
866,53.0,12,2,2025-07-29,2025-08-04,2025-08-12,562.16,281.08
867,99.0,42,4,2025-06-23,2025-06-28,2025-07-01,1971.24,492.81
868,48.0,25,4,2025-05-03,2025-05-05,2025-05-15,1944.92,486.23
869,49.0,25,1,2024-11-16,2024-11-22,2024-12-01,486.23,486.23
870,88.0,43,5,2025-08-30,2025-09-03,2025-09-08,2026.6,405.32
871,18.0,42,3,2025-02-16,2025-02-20,2025-02-23,1478.43,492.81
872,16.0,12,5,2025-08-10,2025-08-10,2025-08-16,1405.4,281.08
873,51.0,34,2,2024-10-01,2024-10-05,2024-10-07,178.32,89.16
874,94.0,15,1,2024-10-26,2024-10-28,2024-11-06,66.13,66.13
875,97.0,2,3,2024-11-06,2024-11-08,2024-11-18,1140.99,380.33
876,60.0,44,5,2024-11-10,2024-11-12,2024-11-13,636.65,127.33
877,55.0,35,4,2025-01-07,2025-01-10,2025-01-15,1908.84,477.21
878,30.0,16,4,2025-05-28,2025-05-31,2025-06-01,1774.2,443.55
879,45.0,10,3,2025-01-15,2025-01-17,2025-01-27,718.02,239.34
880,25.0,47,1,2025-08-21,2025-08-24,2025-08-25,48.59,48.59
881,5.0,43,4,2025-08-04,2025-08-05,2025-08-13,1621.28,405.32
882,79.0,50,1,2025-07-17,2025-07-19,2025-07-25,489.21,489.21
883,31.0,14,1,2024-12-11,2024-12-13,2024-12-15,0.0,0.0
884,13.0,39,1,2025-05-01,2025-05-03,2025-05-06,249.42,249.42
885,58.0,39,1,2025-03-31,2025-04-07,2025-04-13,249.42,249.42
886,32.0,48,1,2024-10-26,2024-11-01,2024-11-04,368.63,368.63
887,52.0,29,2,2024-12-30,2024-12-30,2025-01-04,632.8,316.4
888,70.0,14,1,2025-03-25,2025-03-26,2025-03-31,0.0,0.0
889,18.0,33,3,2025-03-13,2025-03-19,2025-03-26,579.66,193.22
890,30.0,47,5,2024-11-11,2024-11-13,,242.95,48.59
891,41.0,37,5,2025-08-21,2025-08-24,2025-08-28,2300.3,460.06
892,99.0,44,3,2024-11-06,2024-11-06,,381.99,127.33
893,31.0,20,2,2025-05-10,2025-05-14,,307.64,153.82
894,85.0,34,2,2025-06-01,2025-06-03,2025-06-09,178.32,89.16
895,53.0,20,3,2025-04-20,2025-04-21,2025-04-24,461.46,153.82
896,8.0,36,5,2025-07-16,2025-07-18,2025-07-21,2309.95,461.99
897,95.0,12,4,2025-04-05,2025-04-06,2025-04-11,1124.32,281.08
898,72.0,32,1,2025-07-10,2025-07-17,2025-07-20,107.47,107.47
899,45.0,42,4,2024-09-21,2024-09-22,2024-09-25,1971.24,492.81
900,68.0,21,4,2024-09-27,2024-09-28,2024-10-02,350.0,87.5
901,53.0,10,3,2025-05-03,2025-05-05,,718.02,239.34
902,49.0,12,5,2025-04-10,2025-04-15,2025-04-24,1405.4,281.08
903,61.0,16,2,2025-05-07,2025-05-11,2025-05-18,887.1,443.55
904,39.0,46,2,2025-06-18,2025-06-20,2025-06-21,576.0,288.0
905,60.0,4,5,2025-02-10,2025-02-14,2025-02-19,424.45,84.89
906,53.0,27,5,2025-05-02,2025-05-05,2025-05-11,1293.8,258.76
907,68.0,9,4,2025-03-12,2025-03-13,2025-03-18,1207.96,301.99
908,32.0,17,2,2025-04-28,2025-05-02,2025-05-12,755.86,377.93
909,43.0,42,1,2024-12-26,2025-01-01,2025-01-04,492.81,492.81
910,58.0,24,1,2025-08-27,2025-08-30,2025-09-03,362.64,362.64
911,69.0,47,2,2025-03-06,2025-03-11,2025-03-21,97.18,48.59
912,7.0,18,4,2025-07-02,2025-07-04,2025-07-12,1546.44,386.61
913,87.0,39,5,2025-05-19,2025-05-21,2025-05-30,1247.1,249.42
914,6.0,5,2,2024-12-28,2024-12-30,2025-01-04,176.78,88.39
915,98.0,38,5,2024-10-07,2024-10-14,2024-10-17,1517.4,303.48
916,28.0,31,2,2024-10-02,2024-10-05,2024-10-12,517.5,258.75
917,43.0,20,1,2025-02-18,2025-02-24,2025-03-05,153.82,153.82
918,28.0,13,1,2025-03-07,2025-03-07,2025-03-08,471.79,471.79
919,96.0,49,4,2024-11-24,2024-11-29,2024-12-02,1639.4,409.85
920,32.0,45,5,2025-04-21,2025-04-23,2025-04-28,640.15,128.03
921,91.0,14,4,2025-01-03,2025-01-06,2025-01-13,0.0,0.0
922,31.0,36,3,2025-05-31,2025-05-31,2025-06-06,1385.97,461.99
923,100.0,19,4,2025-06-06,2025-06-10,2025-06-20,706.76,176.69
924,60.0,35,3,2025-07-23,2025-07-26,2025-07-28,1431.63,477.21
925,40.0,17,3,2025-09-02,2025-09-04,2025-09-13,1133.79,377.93
926,66.0,32,4,2024-10-28,2024-11-01,,429.88,107.47
927,13.0,47,4,2025-01-24,2025-01-25,,194.36,48.59
928,98.0,21,2,2025-04-04,2025-04-04,2025-04-07,175.0,87.5
929,48.0,21,4,2025-01-05,2025-01-09,2025-01-10,350.0,87.5
930,6.0,37,2,2025-02-28,2025-02-28,2025-03-08,920.12,460.06
931,95.0,10,1,2024-12-17,2024-12-21,2024-12-22,239.34,239.34
932,34.0,36,5,2024-12-10,2024-12-15,2024-12-23,2309.95,461.99
933,75.0,47,4,2024-10-16,2024-10-18,2024-10-22,194.36,48.59
934,38.0,10,2,2024-12-26,2024-12-28,2024-12-31,478.68,239.34
935,43.0,15,4,2025-01-29,2025-02-01,2025-02-03,264.52,66.13
936,73.0,16,4,2025-04-24,2025-04-24,2025-04-30,1774.2,443.55
937,71.0,42,3,2024-12-10,2024-12-11,2024-12-18,1478.43,492.81
938,33.0,49,4,2025-07-24,2025-07-29,2025-08-04,1639.4,409.85
939,93.0,42,4,2024-11-08,2024-11-08,2024-11-16,1971.24,492.81
940,59.0,11,3,2025-01-08,2025-01-09,2025-01-16,399.57,133.19
941,22.0,9,5,2025-04-10,2025-04-12,2025-04-20,1509.95,301.99
942,63.0,12,5,2025-01-03,2025-01-05,2025-01-12,1405.4,281.08
943,83.0,4,5,2025-06-17,2025-06-19,2025-06-28,424.45,84.89
944,5.0,5,1,2025-03-12,2025-03-13,2025-03-16,88.39,88.39
945,98.0,1,4,2025-03-18,2025-03-20,2025-03-26,1007.28,251.82
946,18.0,41,2,2025-03-12,2025-03-13,2025-03-23,375.72,187.86
947,9.0,46,2,2025-01-01,2025-01-04,2025-01-08,576.0,288.0
948,2.0,14,5,2024-09-19,2024-09-22,2024-09-24,0.0,0.0
949,59.0,24,1,2025-08-22,2025-08-26,2025-09-03,362.64,362.64
950,80.0,41,5,2025-03-14,2025-03-15,2025-03-19,939.3,187.86
951,62.0,43,4,2025-08-30,2025-08-31,2025-09-02,1621.28,405.32
952,3.0,1,5,2024-11-28,2024-11-30,2024-12-02,1259.1,251.82
953,71.0,27,1,2025-01-18,2025-01-19,2025-01-28,258.76,258.76
954,3.0,34,3,2024-09-29,2024-10-03,2024-10-04,267.48,89.16
955,69.0,19,1,2025-03-11,2025-03-14,2025-03-20,176.69,176.69
956,65.0,45,4,2025-07-30,2025-08-03,2025-08-05,512.12,128.03
957,23.0,7,1,2025-05-08,2025-05-10,2025-05-19,302.24,302.24
958,68.0,10,2,2025-03-02,2025-03-02,,478.68,239.34
959,25.0,40,5,2025-03-26,2025-03-31,2025-04-09,-39.95,-7.99
960,33.0,23,3,2025-07-18,2025-07-23,2025-07-27,1091.49,363.83
961,51.0,6,3,2025-02-15,2025-02-21,,1030.32,343.44
962,52.0,30,5,2025-07-30,2025-08-01,2025-08-09,2112.1,422.42
963,32.0,45,2,2025-06-04,2025-06-11,2025-06-21,256.06,128.03
964,39.0,44,1,2025-06-17,2025-06-17,2025-06-26,127.33,127.33
965,84.0,42,1,2025-01-22,2025-01-26,2025-02-02,492.81,492.81
966,12.0,26,4,2025-02-04,2025-02-05,2025-02-10,1533.44,383.36
967,49.0,36,4,2025-04-07,2025-04-14,2025-04-15,1847.96,461.99
968,8.0,41,1,2024-11-21,2024-11-24,,187.86,187.86
969,90.0,11,1,2025-04-01,2025-04-02,2025-04-05,133.19,133.19
970,64.0,28,3,2024-10-07,2024-10-10,2024-10-15,186.42,62.14
971,73.0,7,5,2025-03-14,2025-03-16,2025-03-25,1511.2,302.24
972,6.0,15,2,2025-06-17,2025-06-19,2025-06-22,132.26,66.13
973,89.0,37,4,2024-12-22,2024-12-24,2025-01-02,1840.24,460.06
974,35.0,3,1,2025-09-08,2025-09-09,2025-09-13,431.94,431.94
975,88.0,18,5,2025-05-18,2025-05-23,2025-06-01,1933.05,386.61
976,73.0,43,1,2024-10-24,2024-10-29,2024-11-04,405.32,405.32
977,23.0,21,1,2025-09-02,2025-09-03,2025-09-05,87.5,87.5
978,27.0,38,2,2025-02-02,2025-02-04,,606.96,303.48
979,97.0,46,4,2025-06-28,2025-06-29,2025-07-05,1152.0,288.0
980,10.0,20,2,2025-01-13,2025-01-16,2025-01-24,307.64,153.82
981,73.0,16,5,2025-08-20,2025-08-22,2025-08-27,2217.75,443.55
982,50.0,44,5,2025-06-14,2025-06-15,2025-06-24,636.65,127.33
983,43.0,25,2,2024-11-22,2024-11-27,2024-12-02,972.46,486.23
984,89.0,47,1,2025-03-16,2025-03-17,2025-03-22,48.59,48.59
985,65.0,48,3,2025-03-13,2025-03-19,2025-03-20,1105.89,368.63
986,7.0,7,4,2024-09-27,2024-09-28,2024-10-07,1208.96,302.24
987,30.0,5,3,2024-10-31,2024-11-04,2024-11-10,265.17,88.39
988,78.0,50,5,2025-01-10,2025-01-11,2025-01-20,2446.05,489.21
989,77.0,26,3,2025-03-03,2025-03-10,2025-03-16,1150.08,383.36
990,4.0,41,3,2025-02-25,2025-03-01,2025-03-02,563.58,187.86
991,58.0,32,2,2025-04-20,2025-04-23,,214.94,107.47
992,46.0,36,4,2025-03-18,2025-03-19,2025-03-28,1847.96,461.99
993,56.0,12,5,2025-01-09,2025-01-10,2025-01-15,1405.4,281.08
994,85.0,25,1,2025-04-23,2025-04-25,2025-05-02,486.23,486.23
995,99.0,40,3,2024-11-09,2024-11-11,2024-11-16,-23.97,-7.99
996,32.0,46,1,2025-09-08,2025-09-11,,288.0,288.0
997,11.0,18,2,2025-06-08,2025-06-13,2025-06-21,773.22,386.61
998,49.0,46,2,2024-12-29,2025-01-02,2025-01-10,576.0,288.0
999,95.0,25,3,2025-01-12,2025-01-13,2025-01-21,1458.69,486.23
1000,47.0,7,1,2025-07-11,2025-07-11,2025-07-13,302.24,302.24
522,60.0,49,5,2025-05-01,2025-05-03,2025-05-05,2049.25,409.85
738,6.0,26,1,2025-06-22,2025-06-24,2025-06-28,383.36,383.36
741,10.0,25,5,2024-09-27,2024-09-27,2024-10-05,2431.15,486.23
661,74.0,9,5,2024-12-01,2024-12-06,2024-12-07,1509.95,301.99
412,51.0,18,2,2025-09-02,2025-09-04,2025-09-13,773.22,386.61
679,47.0,36,5,2024-10-31,2024-11-01,2024-11-05,2309.95,461.99
627,18.0,5,4,2025-02-20,2025-02-22,2025-02-26,353.56,88.39
514,10.0,33,1,2024-11-14,2024-11-15,2024-11-24,193.22,193.22
860,93.0,2,4,2024-10-07,2024-10-11,2024-10-21,1521.32,380.33
137,25.0,46,4,2025-01-28,2025-01-28,2025-02-04,1152.0,288.0
